pdf_filename,advisory_issue_date,hazard_date_range,section1_was_image,total_pages,usable_segments_count,direct_locations_found,implied_locations_found,status_and_issues
1XDiROvVKyxetS2aWfQJ.pdf,9 March 2026,2026-03-09 to 2026-03-12,True,3,1,,"Chitral, Dir, Gilgit, Hunza, Naran, Neelum Valley, Skardu, Swat",Section 1 was image map; extracted text from Section 2
6a016da04e7ca.pdf,9 May 2026,2026-05-10 to 2026-05-12,False,5,5,"Chitral, Dir, Gilgit, Hunza, Murree/Galliyat, Neelum Valley, Skardu, Swat","Chitral, Dir, Gilgit, Hunza, Naran, Neelum Valley, Skardu, Swat",Standard text advisory parsed cleanly
6a0afd6478d2a.pdf,18 May 2026,2026-05-18,False,5,5,"Chitral, Dir, Gilgit, Hunza, Murree/Galliyat, Neelum Valley, Skardu, Swat","Chitral, Dir, Gilgit, Hunza, Naran, Neelum Valley, Skardu, Swat",Standard text advisory parsed cleanly
6a1d6d965d09b.pdf,1 June 2026,2026-06-02 to 2026-06-05,False,5,4,"Chitral, Dir, Gilgit, Hunza, Murree/Galliyat, Neelum Valley, Skardu, Swat","Chitral, Dir, Gilgit, Hunza, Naran, Neelum Valley, Skardu, Swat",Standard text advisory parsed cleanly
6a294b0603ba2.pdf,10 June 2026,2026-06-11 to 2026-06-13,False,8,4,"Chitral, Dir, Gilgit, Hunza, Murree/Galliyat, Neelum Valley, Skardu, Swat","Chitral, Dir, Gilgit, Hunza, Naran, Neelum Valley, Skardu, Swat",Standard text advisory parsed cleanly
6a300781e72b5.pdf,15 June 2026,2026-06-16 to 2026-06-20,False,8,4,"Chitral, Dir, Gilgit, Hunza, Murree/Galliyat, Neelum Valley, Skardu, Swat","Chitral, Dir, Gilgit, Hunza, Naran, Neelum Valley, Skardu, Swat",Standard text advisory parsed cleanly
6a3f6f98018b6.pdf,27 June 2026,2026-06-27,False,5,1,,"Chitral, Dir, Gilgit, Hunza, Naran, Skardu, Swat",GLOF Alert; narrative structure
6a425d1e0965b.pdf,29 June 2026,2026-07-01 to 2026-07-05,False,8,5,"Chitral, Dir, Gilgit, Hunza, Murree/Galliyat, Neelum Valley, Skardu, Swat","Chitral, Dir, Gilgit, Hunza, Naran, Neelum Valley, Skardu, Swat",Standard text advisory parsed cleanly
6a4b8ee0b9b3e.pdf,6 July 2026,2026-07-06 to 2026-07-08,False,8,5,"Chitral, Dir, Gilgit, Hunza, Murree/Galliyat, Neelum Valley, Skardu, Swat","Chitral, Dir, Gilgit, Hunza, Naran, Neelum Valley, Skardu, Swat",Standard text advisory parsed cleanly
6a50c95ceea07.pdf,10 July 2026,2026-07-10 to 2026-07-13,False,8,5,"Chitral, Dir, Gilgit, Hunza, Murree/Galliyat, Neelum Valley, Skardu, Swat","Chitral, Dir, Gilgit, Hunza, Naran, Neelum Valley, Skardu, Swat",Standard text advisory parsed cleanly
6a5a0b87cdb4b.pdf,17 July 2026,2026-07-18 to 2026-07-25,False,8,6,"Chitral, Dir, Gilgit, Hunza, Murree/Galliyat, Neelum Valley, Skardu, Swat","Chitral, Dir, Gilgit, Hunza, Naran, Neelum Valley, Skardu, Swat",Standard text advisory parsed cleanly
6a60af7f0ced2.pdf,22 July 2026,2026-07-22,False,6,1,,"Chitral, Dir, Gilgit, Hunza, Naran, Skardu, Swat",Water Levels Alert across glaciated regions
6a6347094ba88.pdf,24 July 2026,2026-07-24 to 2026-07-27,False,8,4,"Chitral, Dir, Gilgit, Hunza, Murree/Galliyat, Neelum Valley, Skardu, Swat",Naran,Standard text advisory parsed cleanly
6a687cf015ff4.pdf,28 July 2026,2026-07-28,False,8,6,"Chitral, Dir, Gilgit, Hunza, Murree/Galliyat, Neelum Valley, Skardu, Swat","Chitral, Dir, Gilgit, Hunza, Naran, Neelum Valley, Skardu, Swat",Standard text advisory parsed cleanly
6a7c660b2e26b.pdf,12 August 2026,2026-08-13 to 2026-08-15,False,8,2,"Chitral, Dir, Gilgit, Hunza, Murree/Galliyat, Neelum Valley, Skardu, Swat","Gilgit, Hunza, Naran, Neelum Valley, Skardu",Standard text advisory parsed cleanly
6a86c3402ee86.pdf,16 August 2026,2026-08-16 to 2026-08-21,False,8,5,"Chitral, Dir, Gilgit, Hunza, Murree/Galliyat, Neelum Valley, Skardu, Swat","Chitral, Dir, Gilgit, Hunza, Naran, Neelum Valley, Skardu, Swat",Standard text advisory parsed cleanly
6a885045d4e15.pdf,21 August 2026,2026-08-21 to 2026-08-23,False,8,6,"Chitral, Dir, Gilgit, Hunza, Murree/Galliyat, Neelum Valley, Skardu, Swat","Chitral, Dir, Gilgit, Hunza, Naran, Neelum Valley, Skardu, Swat",Standard text advisory parsed cleanly
6a91749fbdd5d.pdf,28 August 2026,2026-08-28,False,8,6,"Chitral, Dir, Gilgit, Hunza, Murree/Galliyat, Neelum Valley, Skardu, Swat","Chitral, Dir, Gilgit, Hunza, Naran, Neelum Valley, Skardu, Swat",Standard text advisory parsed cleanly
6a981c869e237.pdf,2 September 2026,2026-09-03 to 2026-09-06,False,8,6,"Chitral, Dir, Gilgit, Hunza, Murree/Galliyat, Neelum Valley, Skardu, Swat","Chitral, Dir, Gilgit, Hunza, Naran, Neelum Valley, Skardu, Swat",Standard text advisory parsed cleanly
6aa3edb7dfd18 (2).pdf,11 September 2026,2026-09-12 to 2026-09-17,False,8,6,"Chitral, Dir, Gilgit, Hunza, Murree/Galliyat, Neelum Valley, Skardu, Swat","Chitral, Dir, Gilgit, Hunza, Naran, Neelum Valley, Skardu, Swat",Standard text advisory parsed cleanly
6ac38d525bbfa.pdf,05 October 2026,2026-10-05 to 2026-10-07,False,8,3,"Chitral, Dir, Gilgit, Hunza, Murree/Galliyat, Neelum Valley, Skardu, Swat",Naran,Standard text advisory parsed cleanly
8GJyEDPo4pYsk6U2bie9.pdf,10 July 2025,2025-07-14 to 2025-07-17,True,10,4,"Chitral, Dir, Murree/Galliyat, Swat","Chitral, Dir, Gilgit, Hunza, Naran, Neelum Valley, Skardu, Swat",Section 1 was image map; extracted text from Section 2
B2PMvR4BydFo61qtRTqO.pdf,12 August 2025,2025-08-12,False,9,5,"Chitral, Dir, Murree/Galliyat, Swat","Chitral, Dir, Gilgit, Hunza, Naran, Neelum Valley, Skardu, Swat",Standard text advisory parsed cleanly
C3Gg3UcMujKhrPCskj9T.pdf,30th  March 2026,2026-03-30,True,6,3,"Chitral, Dir, Swat","Chitral, Dir, Gilgit, Hunza, Naran, Neelum Valley, Skardu, Swat",Section 1 was image map; extracted text from Section 2
CWOc8XxRChW6WBUosgCo.pdf,14 February 2026,2026-02-14,True,6,0,,,Section 1 was image map; extracted text from Section 2; Southern/coastal hazard advisory only; 0 segments for target northern locations
GG1zJKscWUVfmTrVXDjh.pdf,21 August 2025,2025-08-23 to 2025-08-27,False,12,4,"Chitral, Dir, Murree/Galliyat, Swat","Chitral, Dir, Gilgit, Hunza, Naran, Neelum Valley, Skardu, Swat",Standard text advisory parsed cleanly
NvJhiqSAEaimPvdxAq65.pdf,16 March 2026,2026-03-16,True,6,2,,"Chitral, Dir, Gilgit, Hunza, Naran, Neelum Valley, Skardu, Swat",Section 1 was image map; extracted text from Section 2
SHWYwXDD0AxIU8X2ct9u.pdf,27 December 2025,2025-12-27,True,7,2,"Dir, Hunza, Murree/Galliyat, Naran, Neelum Valley, Skardu, Swat","Chitral, Dir, Gilgit, Hunza, Naran, Neelum Valley, Skardu, Swat",Section 1 was image map; extracted text from Section 2
UtacuBC0KL6hvhPlc7Ai.pdf,4 September 2025,2025-09-07 to 2025-09-09,False,11,4,"Chitral, Dir, Murree/Galliyat, Swat","Chitral, Dir, Gilgit, Hunza, Naran, Neelum Valley, Skardu, Swat",Standard text advisory parsed cleanly
WrPYvUNjFPSrTxVuOTNz.pdf,23 February 2026,2026-02-23,False,6,5,"Gilgit, Hunza, Skardu","Gilgit, Hunza, Neelum Valley, Skardu",GLOF Alert; narrative structure
XvbKprVDvwl4Rz2RjSda.pdf,13 April 2026,2026-04-16 to 2026-04-19,True,4,3,"Chitral, Dir, Neelum Valley, Swat","Chitral, Dir, Gilgit, Hunza, Naran, Neelum Valley, Skardu, Swat",Section 1 was image map; extracted text from Section 2
bWdlngFYdWB11aQ5Qs8d.pdf,13 March 2026,2026-03-13,True,3,1,,"Chitral, Dir, Gilgit, Hunza, Naran, Neelum Valley, Skardu, Swat",Section 1 was image map; extracted text from Section 2
cNBusituKWcK95CEPBoD.pdf,24 March 2026,2026-03-24 to 2026-03-30,True,6,3,,"Chitral, Dir, Gilgit, Hunza, Naran, Neelum Valley, Skardu, Swat",Section 1 was image map; extracted text from Section 2
oU33R4Y3ZcySakvyzQuF.pdf,25 July 2025,2025-07-25,True,11,4,"Chitral, Dir, Murree/Galliyat, Swat","Chitral, Dir, Gilgit, Hunza, Naran, Neelum Valley, Skardu, Swat",Section 1 was image map; extracted text from Section 2
ohUxnQnqhAGjinJQiGhs.pdf,14 September 2025,2025-09-14,False,10,3,"Chitral, Dir, Murree/Galliyat, Swat","Chitral, Dir, Gilgit, Hunza, Naran, Neelum Valley, Skardu, Swat",Standard text advisory parsed cleanly
qUKYZra2qJPpaK8yYB4v.pdf,7 February 2026,2026-02-08 to 2026-02-10,True,19,2,"Chitral, Dir, Hunza, Naran, Neelum Valley, Skardu, Swat","Chitral, Dir, Gilgit, Hunza, Naran, Neelum Valley, Skardu, Swat",Section 1 was image map; extracted text from Section 2
s192iGRrLKbNUURRYmIy.pdf,15 January 2026,2026-01-21 to 2026-01-23,True,17,3,"Chitral, Dir, Hunza, Murree/Galliyat, Naran, Neelum Valley, Skardu, Swat","Chitral, Dir, Gilgit, Hunza, Naran, Neelum Valley, Skardu, Swat",Section 1 was image map; extracted text from Section 2
tmWBnEzUrZg37F7vwjQR.pdf,2 August 2025,2025-08-02,False,11,4,"Chitral, Dir, Murree/Galliyat, Swat","Chitral, Dir, Gilgit, Hunza, Naran, Neelum Valley, Skardu, Swat",Standard text advisory parsed cleanly
xUYOznS1JSctHNE1OTqk.pdf,17 Dec 2025,2025-12-19 to 2025-12-22,True,14,1,Murree/Galliyat,,Section 1 was image map; extracted text from Section 2
yna9bt86RvXhKcotRdaW.pdf,16 August 2025,2025-08-16,False,11,4,"Chitral, Dir, Murree/Galliyat, Swat","Chitral, Dir, Gilgit, Hunza, Naran, Neelum Valley, Skardu, Swat",Standard text advisory parsed cleanly
yuO3WJ65UwwMuf67U2Au.pdf,18 July 2025,2025-07-18,True,11,4,"Chitral, Dir, Murree/Galliyat, Swat","Chitral, Dir, Gilgit, Hunza, Naran, Neelum Valley, Skardu, Swat",Section 1 was image map; extracted text from Section 2
0HfA7btbAAKzmBoEETpF.pdf,2 June 2025,2025-06-02,True,9,2,Murree/Galliyat,"Chitral, Dir, Gilgit, Hunza, Naran, Neelum Valley, Skardu, Swat",Section 1 was image map; extracted text from Section 2
26WITdzmOqoXs5OX24HH.pdf,26 January 2024,2024-01-27 to 2024-01-31,False,7,4,"Dir, Hunza, Murree/Galliyat, Naran, Neelum Valley, Skardu, Swat","Chitral, Dir, Gilgit, Hunza, Naran, Neelum Valley, Skardu, Swat",Standard text advisory parsed cleanly
2FRHi4zL55HOz91Lzv5t.pdf,1 July 2022,2022-07-01,False,4,0,,,Southern/coastal hazard advisory only; 0 segments for target northern locations
2de2Dsk7IRx9w6nONprp.pdf,15 April 2025,2025-04-16 to 2025-04-20,False,8,3,"Chitral, Dir, Murree/Galliyat, Swat","Chitral, Dir, Gilgit, Hunza, Naran, Neelum Valley, Skardu, Swat",Standard text advisory parsed cleanly
33N8NyR2NX0SDvzwgRUN.pdf,27 Sep 2023,2023-09-28 to 2023-09-30,True,6,4,,"Chitral, Dir, Gilgit, Hunza, Naran, Neelum Valley, Skardu, Swat",Section 1 was image map; extracted text from Section 2
3BYxHJjmh3YgZzWddOyl.pdf,26 May 2025,2025-05-26,True,8,3,"Chitral, Dir, Murree/Galliyat, Swat","Chitral, Dir, Gilgit, Hunza, Naran, Neelum Valley, Skardu, Swat",Section 1 was image map; extracted text from Section 2
3iyC2tAw2TEctS2IMPJw.pdf,19 July 2022,2022-07-20 to 2022-07-26,False,5,8,"Dir, Gilgit, Hunza, Murree/Galliyat, Skardu, Swat","Chitral, Dir, Gilgit, Hunza, Naran, Neelum Valley, Skardu, Swat",Standard text advisory parsed cleanly
40wL9mMdFNVuXLpKsQYm.pdf,1 Aug 2023,2023-08-04 to 2023-08-07,False,6,7,"Chitral, Dir, Gilgit, Hunza, Murree/Galliyat, Neelum Valley, Skardu, Swat","Chitral, Dir, Gilgit, Hunza, Naran, Neelum Valley, Skardu, Swat",Standard text advisory parsed cleanly
4C6svPty9WkAHbILeO2P.pdf,"6th December, 2024",2024-12-08 to 2024-12-14,True,9,4,"Chitral, Dir, Murree/Galliyat, Swat","Chitral, Dir, Gilgit, Hunza, Naran, Neelum Valley, Skardu, Swat",Section 1 was image map; extracted text from Section 2
4hDmvqfg2lYNL3jRAdFK.pdf,9 August 2024,2024-08-09 to 2024-08-12,True,10,3,Murree/Galliyat,"Chitral, Dir, Gilgit, Hunza, Naran, Neelum Valley, Skardu, Swat",Section 1 was image map; extracted text from Section 2
4oYB9Eotq7ZaSY0tFPqh.pdf,8 July 2024,2024-07-10 to 2024-07-16,True,9,2,Murree/Galliyat,"Chitral, Dir, Gilgit, Hunza, Naran, Neelum Valley, Skardu, Swat",Section 1 was image map; extracted text from Section 2
4tcSA05SOzO6q8oYSArk.pdf,8 April 2024,2024-04-10 to 2024-04-15,True,9,5,Murree/Galliyat,"Chitral, Dir, Gilgit, Hunza, Naran, Neelum Valley, Skardu, Swat",Section 1 was image map; extracted text from Section 2
4y1x20K2hqW63mcdYESL.pdf,17 July 2024,2024-07-17,False,4,2,,"Chitral, Dir, Gilgit, Hunza, Naran, Skardu, Swat",GLOF Alert; narrative structure
4zaJEoGNf1i5ELNiQ0Qm.pdf,06 May 2022,2022-05-09 to 2022-05-15,True,3,2,,"Chitral, Dir, Gilgit, Hunza, Naran, Neelum Valley, Skardu, Swat",Scanned/image advisory transcribed via visual inspection
51oRuEhFkdpqI3yETHMO.pdf,17 July 2023,2023-07-18 to 2023-07-23,False,6,5,"Chitral, Dir, Gilgit, Hunza, Murree/Galliyat, Neelum Valley, Skardu, Swat","Chitral, Dir, Gilgit, Hunza, Naran, Neelum Valley, Skardu, Swat",Standard text advisory parsed cleanly
6GdDkVLFJgdtrIuv0oYN.pdf,15 April 2024,2024-04-15,True,9,3,Murree/Galliyat,"Chitral, Dir, Gilgit, Hunza, Naran, Neelum Valley, Skardu, Swat",Section 1 was image map; extracted text from Section 2
6ZeUb0oXcmYorEUXIuie.pdf,7 May 2025,2025-05-07,True,11,3,"Chitral, Dir, Murree/Galliyat, Swat","Chitral, Dir, Gilgit, Hunza, Naran, Neelum Valley, Skardu, Swat",Section 1 was image map; extracted text from Section 2
6yaqlxpUQoYfvyn6a2Oi.pdf,21 Aug 2023,2023-08-13 to 2023-08-16,False,7,10,"Chitral, Dir, Gilgit, Hunza, Murree/Galliyat, Neelum Valley, Skardu, Swat","Chitral, Dir, Gilgit, Hunza, Naran, Neelum Valley, Skardu, Swat",GLOF Alert; narrative structure
7poAXvlC34V2avTYdwbS.pdf,4th March 2022,2022-03-04,False,3,5,"Chitral, Dir, Hunza, Murree/Galliyat, Naran, Neelum Valley, Skardu, Swat","Chitral, Dir, Gilgit, Hunza, Naran, Neelum Valley, Skardu, Swat",Standard text advisory parsed cleanly
8OcVyBRGiHXqy3maR117.pdf,15 April 2025,2025-04-15,False,4,1,,"Chitral, Dir, Gilgit, Hunza, Naran, Skardu, Swat",GLOF Alert; narrative structure
8Tl2FywqqVS1M6KICXW4.pdf,26 July 2024,2024-07-28 to 2024-07-31,True,7,2,Murree/Galliyat,"Chitral, Dir, Gilgit, Hunza, Naran, Neelum Valley, Skardu, Swat",Section 1 was image map; extracted text from Section 2
9NtSTOkhgdaqCyxTPQoP.pdf,12 August 2024,2024-08-14 to 2024-08-18,True,10,2,Murree/Galliyat,"Chitral, Dir, Gilgit, Hunza, Naran, Neelum Valley, Skardu, Swat",Section 1 was image map; extracted text from Section 2
9cNXeOxN0HKXvAvKt0k3.pdf,18 Sep 2023,2023-09-18 to 2023-09-21,False,6,2,,"Chitral, Dir, Gilgit, Hunza, Naran, Neelum Valley, Skardu, Swat",Standard text advisory parsed cleanly
AJbCRgJpxeRa4GUFKShZ.pdf,15 August 2024,2024-08-16 to 2024-08-20,True,10,2,Murree/Galliyat,"Chitral, Dir, Gilgit, Hunza, Naran, Neelum Valley, Skardu, Swat",Section 1 was image map; extracted text from Section 2
ApmMxLKaT4Izk3S18W9e.pdf,16 July 2022,2022-07-16,False,4,0,,,Southern/coastal hazard advisory only; 0 segments for target northern locations
AzzPgpM0ZiIwAMit6B30.pdf,09 September 2022,2022-09-10 to 2022-09-14,True,4,2,"Chitral, Dir, Murree/Galliyat, Swat","Chitral, Dir, Gilgit, Hunza, Naran, Neelum Valley, Skardu, Swat",Scanned/image advisory transcribed via visual inspection
CDngsCcW2wyvqpzbN6nS.pdf,29 April 2025,2025-05-01 to 2025-05-04,True,9,3,"Chitral, Dir, Murree/Galliyat, Swat","Chitral, Dir, Gilgit, Hunza, Naran, Neelum Valley, Skardu, Swat",Section 1 was image map; extracted text from Section 2
CzwcoXFXGtvjtfGtSJOu.pdf,3 January 2024,2024-01-04 to 2024-01-05,True,5,3,,"Chitral, Dir, Naran, Swat",Section 1 was image map; extracted text from Section 2
Do8zbLv1K1SAbvLMYPRh.pdf,12 June 2023,2023-06-13 to 2023-06-17,True,10,1,,"Chitral, Dir, Naran, Swat",Section 1 was image map; extracted text from Section 2
DvxNpJmLhn5VBwphypFa.pdf,19 June 2022,2022-06-20 to 2022-06-22,False,4,7,"Chitral, Dir, Gilgit, Hunza, Murree/Galliyat, Neelum Valley, Skardu, Swat","Chitral, Dir, Gilgit, Hunza, Naran, Neelum Valley, Skardu, Swat",Standard text advisory parsed cleanly
G7s87he8JlyBLs4FTWW3.pdf,28 June 2022,2022-06-28,True,5,3,"Murree/Galliyat, Swat","Chitral, Dir, Gilgit, Hunza, Naran, Neelum Valley, Skardu, Swat",Section 1 was image map; extracted text from Section 2
GCXcjinOgLHmvLapOSzG.pdf,3rd June 2024,2024-06-03,True,9,4,Murree/Galliyat,"Chitral, Dir, Gilgit, Hunza, Naran, Neelum Valley, Skardu, Swat",Section 1 was image map; extracted text from Section 2
HLY9ZhB7csvm76Ek69MH.pdf,"22 February, 2025",2025-02-22,True,11,3,"Chitral, Dir, Murree/Galliyat, Swat","Chitral, Dir, Gilgit, Hunza, Naran, Neelum Valley, Skardu, Swat",Section 1 was image map; extracted text from Section 2
HaAy0Yi0zPkad0q0e3q2.pdf,27 August 2024,2024-08-27 to 2024-08-31,True,10,3,"Chitral, Dir, Murree/Galliyat, Swat","Chitral, Dir, Gilgit, Hunza, Naran, Neelum Valley, Skardu, Swat",Section 1 was image map; extracted text from Section 2
HvAnagLpkijEaeBodmc3.pdf,19 November 2022,2022-11-19 to 2022-11-21,True,1,1,Chitral,"Gilgit, Hunza, Neelum Valley, Skardu",Section 1 was image map; extracted text from Section 2
IMYLacXVBq5TmjEoFZi0.pdf,"17 January, 2025",2025-01-17,True,9,2,"Chitral, Dir, Hunza, Murree/Galliyat, Naran, Neelum Valley, Skardu, Swat",,Section 1 was image map; extracted text from Section 2
JNEGsz6KQOnm3Vx4yoHI.pdf,19 January 2022,2022-01-21 to 2022-01-23,True,3,3,"Dir, Hunza, Murree/Galliyat, Naran, Neelum Valley, Skardu, Swat","Chitral, Dir, Gilgit, Hunza, Naran, Neelum Valley, Skardu, Swat",Scanned/image advisory transcribed via visual inspection
Jgy6oB1dsqmWB64Wckpg.pdf,5 August 2022,2022-08-06 to 2022-08-13,False,5,11,"Dir, Gilgit, Hunza, Murree/Galliyat, Skardu","Chitral, Dir, Gilgit, Hunza, Naran, Neelum Valley, Skardu, Swat",Standard text advisory parsed cleanly
Jm2Ud5MZ3OSpcvWpda2C.pdf,21 May 2023,2023-05-21,False,5,5,"Chitral, Dir, Gilgit, Hunza, Murree/Galliyat, Neelum Valley, Skardu, Swat","Chitral, Dir, Naran, Neelum Valley, Swat",Standard text advisory parsed cleanly
KLFcpRy9pycnLHnpCJPU.pdf,"31 December, 2024",2024-12-31,True,11,3,"Chitral, Dir, Murree/Galliyat, Swat","Chitral, Dir, Gilgit, Hunza, Naran, Neelum Valley, Skardu, Swat",Section 1 was image map; extracted text from Section 2
LoIYIXzm9MGChnUTuwc2.pdf,23 February 2024,2024-02-25 to 2024-02-27,True,7,7,"Dir, Hunza, Murree/Galliyat, Naran, Neelum Valley, Skardu, Swat","Chitral, Dir, Gilgit, Hunza, Naran, Neelum Valley, Skardu, Swat",Section 1 was image map; extracted text from Section 2
MMWoqdDxp6RP5UNmjsn3 (1).pdf,12 July 2022,2022-07-12,False,5,7,"Dir, Gilgit, Hunza, Murree/Galliyat, Skardu, Swat","Chitral, Dir, Naran, Neelum Valley, Swat",Standard text advisory parsed cleanly
MMWoqdDxp6RP5UNmjsn3.pdf,12 July 2022,2022-07-12,False,5,7,"Dir, Gilgit, Hunza, Murree/Galliyat, Skardu, Swat","Chitral, Dir, Naran, Neelum Valley, Swat",Standard text advisory parsed cleanly
NPdNdh52aRgzmKK9QvyK.pdf,22 April 2024,2024-04-22,True,10,2,Murree/Galliyat,"Chitral, Dir, Gilgit, Hunza, Naran, Neelum Valley, Skardu, Swat",Section 1 was image map; extracted text from Section 2
OzXADp76zDQq34ocfB9m.pdf,15 February 2024,2024-02-17 to 2024-02-21,True,7,5,"Dir, Hunza, Murree/Galliyat, Naran, Neelum Valley, Skardu, Swat","Chitral, Dir, Gilgit, Hunza, Naran, Neelum Valley, Skardu, Swat",Section 1 was image map; extracted text from Section 2
PpS39qbTHBnQILYyhBLL.pdf,1st July 2024,2024-07-02 to 2024-07-07,True,11,3,Murree/Galliyat,"Chitral, Dir, Gilgit, Hunza, Naran, Neelum Valley, Skardu, Swat",Section 1 was image map; extracted text from Section 2
QM4Sr8IjmE1ootNMQHvo.pdf,08 August 2022,2022-08-10 to 2022-08-13,True,7,3,"Dir, Murree/Galliyat, Swat","Chitral, Dir, Gilgit, Hunza, Naran, Neelum Valley, Skardu, Swat",Scanned/image advisory transcribed via visual inspection
Qmccjrug9RVooa7M5GHM.pdf,2 July 2023,2023-07-03 to 2023-07-08,False,6,7,"Chitral, Murree/Galliyat, Swat","Chitral, Dir, Gilgit, Hunza, Naran, Neelum Valley, Skardu, Swat",Standard text advisory parsed cleanly
T16Mk5SKUh5RzymPgmV4.pdf,26 July 2022,2022-07-26,False,5,8,"Dir, Gilgit, Hunza, Murree/Galliyat, Skardu, Swat","Chitral, Dir, Gilgit, Hunza, Naran, Neelum Valley, Skardu, Swat",Standard text advisory parsed cleanly
TQlO1PwQhaPOeZq371RK.pdf,20 March 2023,2023-03-21 to 2023-03-24,False,5,6,"Chitral, Dir, Gilgit, Hunza, Murree/Galliyat, Neelum Valley, Skardu, Swat","Chitral, Dir, Gilgit, Hunza, Naran, Neelum Valley, Skardu, Swat",Standard text advisory parsed cleanly
TSu2i0YOyIQFCzMWlSTF.pdf,15 July 2024,2024-07-16 to 2024-07-21,True,10,3,Murree/Galliyat,"Chitral, Dir, Gilgit, Hunza, Naran, Neelum Valley, Skardu, Swat",Section 1 was image map; extracted text from Section 2
V0dbDT2EoxRY9d7qTV57.pdf,19 June 2025,2025-06-20 to 2025-06-23,True,9,2,Murree/Galliyat,"Chitral, Dir, Gilgit, Hunza, Naran, Neelum Valley, Skardu, Swat",Section 1 was image map; extracted text from Section 2
VGN4dBijkJcBAOubq3Rv.pdf,26 March 2024,2024-03-27 to 2024-03-31,True,9,8,"Dir, Hunza, Murree/Galliyat, Naran, Neelum Valley, Skardu, Swat","Chitral, Dir, Gilgit, Hunza, Naran, Neelum Valley, Skardu, Swat",Section 1 was image map; extracted text from Section 2
VSdnoSzMWCd1GKHy7V0T.pdf,24 July 2023,2023-07-25 to 2023-07-30,False,6,6,"Chitral, Dir, Gilgit, Hunza, Murree/Galliyat, Neelum Valley, Skardu, Swat","Chitral, Dir, Gilgit, Hunza, Naran, Neelum Valley, Skardu, Swat",Standard text advisory parsed cleanly
VgxNtciRAfoXnXkU63Ad.pdf,24 August 2023,2023-08-24,True,6,0,,,Section 1 was image map; extracted text from Section 2; River Sutlej / Beas plain flood advisory; 0 segments for target northern locations
W05iSByBXzOi7Qbai4bM.pdf,30 January 2024,2024-01-31 to 2024-02-04,True,7,4,"Dir, Hunza, Murree/Galliyat, Naran, Neelum Valley, Skardu, Swat","Chitral, Dir, Gilgit, Hunza, Naran, Skardu, Swat",Section 1 was image map; extracted text from Section 2
WpRp0yKueNFkTQdpAJ8s.pdf,"8 Mar, 2025",2025-03-09 to 2025-03-16,True,12,3,"Chitral, Dir, Murree/Galliyat, Swat","Chitral, Dir, Gilgit, Hunza, Naran, Neelum Valley, Skardu, Swat",Section 1 was image map; extracted text from Section 2
XDVaJUvtjHvycU8x1QuR.pdf,"17 February, 2025",2025-02-17,True,10,3,"Chitral, Dir, Murree/Galliyat, Swat","Chitral, Dir, Gilgit, Hunza, Naran, Neelum Valley, Skardu, Swat",Section 1 was image map; extracted text from Section 2
YUSvXtx5hZZ67TqgE4BY.pdf,9 August 2024,2024-08-08 to 2024-08-09,False,5,2,"Dir, Gilgit, Skardu, Swat","Chitral, Dir, Gilgit, Hunza, Naran, Skardu, Swat",GLOF Alert; narrative structure
ZGX1G7Qo050SIus6o4um.pdf,26 May 2023,2023-05-26,False,5,4,"Chitral, Dir, Gilgit, Hunza, Murree/Galliyat, Neelum Valley, Skardu, Swat",Naran,Standard text advisory parsed cleanly
a3clYFmaSe4xag1McR8P.pdf,2 July 2023,2023-07-03 to 2023-07-08,False,6,7,"Chitral, Murree/Galliyat, Swat","Chitral, Dir, Gilgit, Hunza, Naran, Neelum Valley, Skardu, Swat",Standard text advisory parsed cleanly
aQeioQ3oCbza7aapMkqB.pdf,16 May 2023,2023-05-16,False,5,7,"Chitral, Dir, Gilgit, Hunza, Murree/Galliyat, Neelum Valley, Skardu, Swat","Chitral, Dir, Naran, Neelum Valley, Swat",Standard text advisory parsed cleanly
b3J7aGFlMAMzhp0AG1lQ.pdf,27 July 2023,2023-07-27 to 2023-07-28,False,6,10,"Chitral, Dir, Gilgit, Hunza, Murree/Galliyat, Neelum Valley, Skardu, Swat","Chitral, Dir, Gilgit, Hunza, Naran, Neelum Valley, Skardu, Swat",Standard text advisory parsed cleanly
bTeYvQTAVuH4z2xxeZH7.pdf,30 June 2022,2022-06-30,False,3,2,,"Chitral, Dir, Gilgit, Hunza, Naran, Skardu, Swat",GLOF Alert; narrative structure
bZwhd5dzEY0cbFEgsOH3.pdf,14 March 2023,2023-03-16 to 2023-03-20,False,5,5,"Chitral, Dir, Gilgit, Hunza, Murree/Galliyat, Neelum Valley, Skardu, Swat","Chitral, Dir, Gilgit, Hunza, Naran, Neelum Valley, Skardu, Swat",Standard text advisory parsed cleanly
dD6azK18t1ysu1kLA5vH.pdf,21 May 2024,2024-05-21,False,7,4,,"Chitral, Dir, Gilgit, Hunza, Naran, Skardu, Swat",GLOF Alert; narrative structure
eBXqgDcvLn5FyAK34k19.pdf,14 January 2022,2022-01-16 to 2022-01-19,True,3,3,"Chitral, Dir, Gilgit, Hunza, Murree/Galliyat, Naran, Neelum Valley, Skardu, Swat","Gilgit, Hunza, Naran, Neelum Valley, Skardu",Scanned/image advisory transcribed via visual inspection
ffqd7NIYDqhTz3eh8Rma.pdf,12 June 2025,2025-06-13 to 2025-06-16,False,8,2,Murree/Galliyat,"Chitral, Dir, Gilgit, Hunza, Naran, Neelum Valley, Skardu, Swat",Standard text advisory parsed cleanly
fx1xRqPfosJVNS4HYZDC.pdf,13 November 2024,2024-10-14 to 2024-10-16,True,10,3,"Chitral, Dir, Murree/Galliyat, Swat","Chitral, Dir, Gilgit, Hunza, Naran, Neelum Valley, Skardu, Swat",Section 1 was image map; extracted text from Section 2
h5pLxGUCwdEE4B9eblSG.pdf,8 March 2024,2024-03-11 to 2024-03-15,True,8,5,"Chitral, Dir, Hunza, Murree/Galliyat, Naran, Neelum Valley, Skardu, Swat","Chitral, Dir, Gilgit, Hunza, Naran, Neelum Valley, Skardu, Swat",Section 1 was image map; extracted text from Section 2
hCjY5cOMqzsz1MV4UE7q.pdf,21 July 2023,2023-07-22 to 2023-07-26,False,6,6,"Chitral, Dir, Gilgit, Hunza, Murree/Galliyat, Neelum Valley, Skardu, Swat","Chitral, Dir, Gilgit, Hunza, Naran, Neelum Valley, Skardu, Swat",Standard text advisory parsed cleanly
hKsfpa45czbgrJeCaZDZ.pdf,14 June 2023,2024-06-16 to 2024-06-18,True,12,5,"Chitral, Dir, Murree/Galliyat, Neelum Valley, Swat","Chitral, Dir, Gilgit, Hunza, Naran, Neelum Valley, Skardu, Swat",Section 1 was image map; extracted text from Section 2
iDbV4myTN5faetXnz4yb.pdf,05 July 2022,2022-07-05,False,4,8,"Gilgit, Hunza, Murree/Galliyat, Skardu, Swat","Chitral, Dir, Naran, Neelum Valley, Swat",Standard text advisory parsed cleanly
jlTjOzgmi28R5fjVNqaq.pdf,27th May 2024,2024-05-28 to 2024-06-01,True,9,3,Murree/Galliyat,"Chitral, Dir, Gilgit, Hunza, Naran, Neelum Valley, Skardu, Swat",Section 1 was image map; extracted text from Section 2
k1zyWXtt0TLTNdGdAn3e.pdf,29 February 2024,2024-02-29 to 2024-03-02,True,2,25,"Chitral, Dir, Gilgit, Hunza, Murree/Galliyat, Neelum Valley, Skardu, Swat","Chitral, Dir, Gilgit, Hunza, Naran, Neelum Valley, Skardu, Swat",Section 1 was image map; extracted text from Section 2
k91eTnUVRUWjMyYuIhDc.pdf,"28 February, 2025",2025-03-02 to 2025-03-03,True,11,3,"Chitral, Dir, Murree/Galliyat, Swat","Chitral, Dir, Gilgit, Hunza, Naran, Neelum Valley, Skardu, Swat",Section 1 was image map; extracted text from Section 2
kPWqUmRriHqIR2hWoWX1.pdf,28th November 2024,2024-11-28,True,9,3,"Chitral, Dir, Murree/Galliyat, Swat","Chitral, Dir, Gilgit, Hunza, Naran, Neelum Valley, Skardu, Swat",Section 1 was image map; extracted text from Section 2
ktfMw7KlAje9S3a5utGr.pdf,19 August 2022,2022-08-19 to 2022-08-23,False,4,1,,"Gilgit, Hunza, Neelum Valley, Skardu",Standard text advisory parsed cleanly
m0kOiix5cVRqpdGGboif.pdf,17 August 2022,2022-08-18 to 2022-08-21,False,4,0,,,Southern/coastal hazard advisory only; 0 segments for target northern locations
m90b2FygyjW5XgLn3M77.pdf,3 November 2022,2022-11-04 to 2022-11-07,True,3,2,,"Chitral, Dir, Gilgit, Hunza, Naran, Neelum Valley, Skardu, Swat",Section 1 was image map; extracted text from Section 2
mSHY8np1vbE08AOpbWTj.pdf,"24 Mar, 2025",2025-03-25 to 2025-03-27,True,11,3,"Chitral, Dir, Murree/Galliyat, Swat","Chitral, Dir, Gilgit, Hunza, Naran, Neelum Valley, Skardu, Swat",Section 1 was image map; extracted text from Section 2
pCpMtvotIGHrjtyqcWqg.pdf,20 July 2024,2024-07-21 to 2024-07-27,True,9,4,Murree/Galliyat,"Chitral, Dir, Gilgit, Hunza, Naran, Neelum Valley, Skardu, Swat",Section 1 was image map; extracted text from Section 2
pm7qFkWlq0QMR6HjX7xW.pdf,6 July 2023,2023-07-08 to 2023-07-11,False,9,1,,Neelum Valley,Standard text advisory parsed cleanly
rIGDng1CwzgI8DzqSNvB.pdf,05 January 2023,2023-01-07 to 2023-01-09,True,3,3,"Chitral, Dir, Hunza, Murree/Galliyat, Naran, Neelum Valley, Skardu, Swat","Chitral, Dir, Gilgit, Hunza, Naran, Neelum Valley, Skardu, Swat",Scanned/image advisory transcribed via visual inspection
ryqXs3fuXgVjrypdQT8W.pdf,23 September 2024,2024-09-26 to 2024-10-01,True,10,3,"Chitral, Dir, Murree/Galliyat, Swat","Chitral, Dir, Gilgit, Hunza, Naran, Neelum Valley, Skardu, Swat",Section 1 was image map; extracted text from Section 2
sMpvvbtO7MlDD1K6bzDm.pdf,07 April 2025,2025-04-08 to 2025-04-11,True,8,2,"Chitral, Dir, Gilgit, Hunza, Murree/Galliyat, Neelum Valley, Skardu, Swat","Chitral, Dir, Naran, Swat",Section 1 was image map; extracted text from Section 2
sbqh8wwd4lj9FfnMDtux.pdf,23 June 2025,2025-06-23,True,11,2,Murree/Galliyat,"Chitral, Dir, Gilgit, Hunza, Naran, Neelum Valley, Skardu, Swat",Section 1 was image map; extracted text from Section 2
scbD0ehSEq3ZHRmAxvtc.pdf,27 February 2024,2024-03-24 to 2024-03-02,True,8,6,"Dir, Hunza, Murree/Galliyat, Naran, Neelum Valley, Skardu, Swat","Chitral, Dir, Gilgit, Hunza, Naran, Neelum Valley, Skardu, Swat",Section 1 was image map; extracted text from Section 2
sltYMsJRA9xs2bNzp7hp.pdf,25 June 2024,2024-06-26 to 2024-07-01,True,11,3,"Chitral, Dir, Gilgit, Hunza, Murree/Galliyat, Neelum Valley, Skardu, Swat","Chitral, Dir, Gilgit, Hunza, Naran, Neelum Valley, Skardu, Swat",Section 1 was image map; extracted text from Section 2
suCnyJOnQ4zCEqouZuip.pdf,10 May 2024,2024-05-11 to 2024-05-12,False,5,3,,"Chitral, Dir, Gilgit, Hunza, Naran, Skardu, Swat",GLOF Alert; narrative structure
uOnYVjvIDDLPAScLELX3.pdf,14 June 2022,2022-06-14,False,4,6,"Chitral, Dir, Gilgit, Hunza, Murree/Galliyat, Neelum Valley, Skardu, Swat","Chitral, Dir, Gilgit, Hunza, Naran, Neelum Valley, Skardu, Swat",Standard text advisory parsed cleanly
vFgtChxxUfeS2fNzQaNC.pdf,14 March 2022,2022-03-16 to 2022-03-21,True,3,2,,"Chitral, Dir, Gilgit, Hunza, Naran, Neelum Valley, Skardu, Swat",Scanned/image advisory transcribed via visual inspection
vUoV8M9M0Qw0QtcvAR7N.pdf,07 February 2023,2023-02-08 to 2023-02-10,False,4,6,"Chitral, Dir, Gilgit, Hunza, Murree/Galliyat, Naran, Neelum Valley, Skardu, Swat","Chitral, Dir, Gilgit, Hunza, Naran, Neelum Valley, Skardu, Swat",Standard text advisory parsed cleanly
wws2UHKOW8s6xw51jPOX.pdf,1 September 2024,2024-09-02 to 2024-09-04,True,10,3,"Chitral, Dir, Murree/Galliyat, Swat","Chitral, Dir, Gilgit, Hunza, Naran, Neelum Valley, Skardu, Swat",Section 1 was image map; extracted text from Section 2
xnOdth0FJZ9WTaXUa83I.pdf,3 September 2022,2022-09-03,False,4,2,Swat,"Chitral, Dir, Gilgit, Hunza, Naran, Skardu, Swat",Standard text advisory parsed cleanly
yKbkmYB8qG8sOYhCaG7U.pdf,1st February 2022,2022-02-01,True,4,1,,"Chitral, Dir, Gilgit, Hunza, Naran, Neelum Valley, Skardu, Swat",Section 1 was image map; extracted text from Section 2
yW5Jum3e8AHvyaqZkYrO.pdf,21 March 2023,2023-03-23 to 2023-03-24,False,3,5,"Dir, Murree/Galliyat, Swat","Chitral, Dir, Gilgit, Hunza, Naran, Neelum Valley, Skardu, Swat",Standard text advisory parsed cleanly
zyuyzX1VyltVDxvGit2c.pdf,13 September 2023,2023-09-17 to 2023-09-19,False,7,6,"Chitral, Dir, Gilgit, Hunza, Murree/Galliyat, Neelum Valley, Skardu, Swat","Chitral, Dir, Gilgit, Hunza, Naran, Neelum Valley, Skardu, Swat",Standard text advisory parsed cleanly
